<?xml version="1.0" encoding="UTF-8"?>
<configuration debug="true">
    <appender name="ROLLING" class="ch.qos.logback.core.rolling.RollingFileAppender">
    	<file>logs/acon.log</file>
        <rollingPolicy class="ch.qos.logback.core.rolling.TimeBasedRollingPolicy">
            <!-- rollover daily -->
            <fileNamePattern>logs/acon-%d{yyyy-MM-dd}.%i.log</fileNamePattern>
            <timeBasedFileNamingAndTriggeringPolicy class="ch.qos.logback.core.rolling.SizeAndTimeBasedFNATP">
                <!-- or whenever the file size reaches 100MB -->
                <maxFileSize>10MB</maxFileSize>
            </timeBasedFileNamingAndTriggeringPolicy>
            <maxHistory>30</maxHistory>
        </rollingPolicy>
        <encoder>
            <pattern>[%d{yyyy-MM-dd HH:MM:ss}] - %msg%n</pattern>
        </encoder>
    </appender>
    
    <appender name="STDOUT" class="ch.qos.logback.core.ConsoleAppender">
        <layout class="ch.qos.logback.classic.PatternLayout">
            <Pattern>[%d{yyyy-MM-dd HH:mm:ss}] - %msg%n</Pattern>
        </layout>
    </appender>
    
    <!-- 작업클래스 범위만 로그를 debug로 설정한다. -->
    <logger name="com.gzonesoft">
    	<level value="info" />
       <appender-ref ref="ROLLING"/>
    </logger>

	<!-- 3rdparty Loggers -->
	<logger name="org.springframework.core">
		<level value="info" />
	</logger>

	<logger name="org.springframework.beans">
		<level value="info" />
	</logger>

	<logger name="org.springframework.context">
		<level value="info" />
	</logger>

	<logger name="org.springframework.web">
		<level value="info" />
	</logger>

    <root level="info">
       <appender-ref ref="STDOUT" />
    </root>

</configuration>

